{
    "Objects": [
        {
            "Layer": 0,
            "Name": "Camera",
            "Position": [
                -3.5999984741210938,
                4.0,
                -4.6999993324279785
            ],
            "Rotation": [
                0.0,
                0.0,
                0.0
            ],
            "Scale": [
                1.0,
                1.0,
                1.0
            ],
            "Type": "GameObject"
        },
        {
            "Layer": 1,
            "Name": "",
            "Position": [
                0.0,
                0.5,
                0.0
            ],
            "Rotation": [
                0.0,
                0.0,
                0.0
            ],
            "Scale": [
                1.0,
                1.0,
                1.0
            ],
            "Type": "GameObject"
        },
        {
            "Layer": 2,
            "Name": "Player",
            "Position": [
                -3.5999984741210938,
                0.0,
                2.3000006675720215
            ],
            "Rotation": [
                0.0,
                3.1415927410125732,
                0.0
            ],
            "Scale": [
                0.014999999664723873,
                0.014999999664723873,
                0.014999999664723873
            ],
            "Type": "GameObject"
        },
        {
            "Layer": 4,
            "Name": "",
            "Position": [
                50.0,
                50.0,
                0.0
            ],
            "Rotation": [
                0.0,
                0.0,
                0.0
            ],
            "Scale": [
                1.0,
                1.0,
                1.0
            ],
            "Type": "GameObject"
        }
    ]
}