{
    "Objects": [
        {
            "Layer": 0,
            "Name": "FPSCamera",
            "Position": [
                -3.1151273250579834,
                1.049999713897705,
                -25.24070167541504
            ],
            "Rotation": [
                0.8489998579025269,
                -1.227001428604126,
                0.0
            ],
            "Scale": [
                1.0,
                1.0,
                1.0
            ],
            "Type": "FPSCamera"
        },
        {
            "Layer": 2,
            "Name": "FPSPlayer",
            "Position": [
                -3.1151273250579834,
                -0.7500001788139343,
                -25.24070167541504
            ],
            "RigidBody": {
                "ColliderOffset": [
                    0.0,
                    1.0,
                    0.0
                ],
                "ColliderType": "Capsule",
                "CollisionGroup": 1,
                "CollisionMask": 78,
                "Mass": 70.0,
                "OriginalColliderHalfSize": [
                    1.0,
                    1.0,
                    1.0
                ]
            },
            "Rotation": [
                -0.0,
                0.0,
                0.0
            ],
            "Scale": [
                1.0,
                1.0,
                1.0
            ],
            "Type": "FPSPlayer"
        },
        {
            "Layer": 2,
            "Name": "SkyBox",
            "Position": [
                -3.1151273250579834,
                1.049999713897705,
                -25.24070167541504
            ],
            "Rotation": [
                0.0,
                0.0,
                0.0
            ],
            "Scale": [
                100.0,
                100.0,
                100.0
            ],
            "Type": "SkyBox"
        },
        {
            "Layer": 2,
            "Name": "GroundBlock_001",
            "Position": [
                0.0,
                -3.0,
                0.0
            ],
            "RigidBody": {
                "ColliderOffset": [
                    0.0,
                    0.0,
                    0.0
                ],
                "ColliderType": "Box",
                "CollisionGroup": 8,
                "CollisionMask": 155,
                "Mass": 0.0,
                "OriginalColliderHalfSize": [
                    1.0,
                    1.0,
                    1.0
                ]
            },
            "Rotation": [
                -0.0,
                0.0,
                0.0
            ],
            "Scale": [
                30.0,
                1.0,
                30.0
            ],
            "Type": "GroundBlock"
        },
        {
            "Layer": 2,
            "Name": "GroundBlock_002",
            "Position": [
                -9.59829330444336,
                -1.000000238418579,
                0.0436079204082489
            ],
            "RigidBody": {
                "ColliderOffset": [
                    0.0,
                    0.0,
                    0.0
                ],
                "ColliderType": "Box",
                "CollisionGroup": 8,
                "CollisionMask": 155,
                "Mass": 2.9000000953674316,
                "OriginalColliderHalfSize": [
                    1.0,
                    1.0,
                    1.0
                ]
            },
            "Rotation": [
                -4.470348358154297e-08,
                1.5707967281341553,
                0.08492694795131683
            ],
            "Scale": [
                1.0,
                1.0,
                1.0
            ],
            "Type": "GroundBlock"
        },
        {
            "Layer": 2,
            "Name": "GroundBlock_003",
            "Position": [
                -15.199999809265137,
                -0.10000000149011612,
                0.0
            ],
            "RigidBody": {
                "ColliderOffset": [
                    0.0,
                    0.0,
                    0.0
                ],
                "ColliderType": "Box",
                "CollisionGroup": 8,
                "CollisionMask": 155,
                "Mass": 0.0,
                "OriginalColliderHalfSize": [
                    1.0,
                    1.0,
                    1.0
                ]
            },
            "Rotation": [
                -0.0,
                0.0,
                0.0
            ],
            "Scale": [
                1.899999976158142,
                1.899999976158142,
                1.899999976158142
            ],
            "Type": "GroundBlock"
        },
        {
            "Layer": 2,
            "Name": "TreeBlock_003",
            "Position": [
                -2.212625503540039,
                4.806778907775879,
                0.42132577300071716
            ],
            "RigidBody": {
                "ColliderOffset": [
                    0.0,
                    0.7648029923439026,
                    0.0
                ],
                "ColliderType": "Box",
                "CollisionGroup": 8,
                "CollisionMask": 155,
                "Mass": 1.0,
                "OriginalColliderHalfSize": [
                    0.19313645362854004,
                    0.7648029923439026,
                    0.19597500562667847
                ]
            },
            "Rotation": [
                0.0073571340180933475,
                -1.5107731087482534e-05,
                -2.3709564629825763e-05
            ],
            "Scale": [
                8.899999618530273,
                8.899999618530273,
                8.899999618530273
            ],
            "Type": "TreeBlock"
        },
        {
            "Layer": 2,
            "Name": "TreeBlock_004",
            "Position": [
                2.5195791721343994,
                6.030431270599365,
                0.00886685773730278
            ],
            "RigidBody": {
                "ColliderOffset": [
                    0.0,
                    0.7648029923439026,
                    0.0
                ],
                "ColliderType": "Box",
                "CollisionGroup": 8,
                "CollisionMask": 155,
                "Mass": 1.0,
                "OriginalColliderHalfSize": [
                    0.19313645362854004,
                    0.7648029923439026,
                    0.19597500562667847
                ]
            },
            "Rotation": [
                -0.0006389504997059703,
                -2.687556388991652e-06,
                -2.1897017177252565e-06
            ],
            "Scale": [
                10.5,
                10.5,
                10.5
            ],
            "Type": "TreeBlock"
        },
        {
            "Layer": 2,
            "Name": "RockTallBlock_A_002",
            "Position": [
                14.800000190734863,
                -1.7999999523162842,
                0.0
            ],
            "RigidBody": {
                "ColliderOffset": [
                    0.0,
                    0.0,
                    0.0
                ],
                "ColliderType": "Unknown",
                "CollisionGroup": 8,
                "CollisionMask": 155,
                "Mass": 0.0,
                "OriginalColliderHalfSize": [
                    1.0,
                    1.0,
                    1.0
                ]
            },
            "Rotation": [
                -0.0,
                0.0,
                0.0
            ],
            "Scale": [
                10.600000381469727,
                10.600000381469727,
                10.600000381469727
            ],
            "Type": "RockTallBlock_A"
        },
        {
            "Layer": 4,
            "Name": "",
            "Position": [
                50.0,
                50.0,
                0.0
            ],