{
    "Objects": [
        {
            "Layer": 0,
            "Name": "",
            "Position": [
                -3.1999988555908203,
                4.0,
                -4.899999141693115
            ],
            "Rotation": [
                0.0,
                0.0,
                0.0
            ],
            "Scale": [
                1.0,
                1.0,
                1.0
            ],
            "Type": "GameObject"
        },
        {
            "Layer": 0,
            "Name": "",
            "Position": [
                0.0,
                0.5,
                0.0
            ],
            "Rotation": [
                0.0,
                0.0,
                0.0
            ],
            "Scale": [
                1.0,
                1.0,
                1.0
            ],
            "Type": "GameObject"
        },
        {
            "Layer": 0,
            "Name": "Player",
            "Position": [
                -3.1999988555908203,
                0.0,
                2.1000008583068848
            ],
            "Rotation": [
                0.0,
                -1.5707963705062866,
                0.0
            ],
            "Scale": [
                0.014999999664723873,
                0.014999999664723873,
                0.014999999664723873
            ],
            "Type": "GameObject"
        },
        {
            "Layer": 0,
            "Name": "",
            "Position": [
                50.0,
                50.0,
                0.0
            ],
            "Rotation": [
                0.0,
                0.0,
                0.0
            ],
            "Scale": [
                1.0,
                1.0,
                1.0
            ],
            "Type": "GameObject"
        }
    ]
}