{
    "Objects": [
        {
            "Layer": 0,
            "Name": "Camera",
            "Position": [
                -2.0,
                4.0,
                -4.799999237060547
            ],
            "Rotation": [
                0.0,
                0.0,
                0.0
            ],
            "Scale": [
                1.0,
                1.0,
                1.0
            ],
            "Type": "Camera"
        },
        {
            "Layer": 1,
            "Name": "",
            "Position": [
                0.0,
                0.5,
                0.0
            ],
            "Rotation": [
                0.0,
                0.0,
                0.0
            ],
            "Scale": [
                1.0,
                1.0,
                1.0
            ],
            "Type": "Wave"
        },
        {
            "Layer": 2,
            "Name": "Player",
            "Position": [
                -2.0,
                0.0,
                2.200000762939453
            ],
            "Rotation": [
                0.0,
                3.1415927410125732,
                0.0
            ],
            "Scale": [
                0.014999999664723873,
                0.014999999664723873,
                0.014999999664723873
            ],
            "Type": "Player"
        },
        {
            "Layer": 4,
            "Name": "",
            "Position": [
                50.0,
                50.0,
                0.0
            ],
            "Rotation": [
                0.0,
                0.0,
                0.0
            ],
            "Scale": [
                1.0,
                1.0,
                1.0
            ],
            "Type": "Score"
        }
    ]
}