{
    "Objects": [
        {
            "Layer": 0,
            "Name": "FPSCamera",
            "Position": [
                -16.340299606323242,
                1.7999999523162842,
                -11.208395004272461
            ],
            "Rotation": [
                0.1132052093744278,
                0.950998842716217,
                0.0
            ],
            "Scale": [
                1.0,
                1.0,
                1.0
            ],
            "Type": "FPSCamera"
        },
        {
            "Layer": 2,
            "Name": "FPSPlayer",
            "Position": [
                -16.747299194335938,
                0.0,
                -11.498831748962402
            ],
            "Rotation": [
                0.0,
                0.950998842716217,
                0.0
            ],
            "Scale": [
                0.0010000000474974513,
                0.0010000000474974513,
                0.0010000000474974513
            ],
            "Type": "FPSPlayer"
        },
        {
            "Layer": 2,
            "Name": "GroundBlock_001",
            "Position": [
                0.0,
                -1.0,
                0.0
            ],
            "RigidBody": {
                "ColliderOffset": [
                    0.0,
                    0.0,
                    0.0
                ],
                "ColliderType": "Box",
                "CollisionGroup": 64,
                "CollisionMask": -1,
                "Mass": 0.0
            },
            "Rotation": [
                0.0,
                0.0,
                0.0
            ],
            "Scale": [
                30.0,
                0.0,
                30.0
            ],
            "Type": "GroundBlock"
        },
        {
            "Layer": 2,
            "Name": "TreeBlock_001",
            "Position": [
                2.707949161529541,
                -0.9100000858306885,
                -0.031832922250032425
            ],
            "RigidBody": {
                "ColliderOffset": [
                    0.0,
                    0.0,
                    0.0
                ],
                "ColliderType": "Box",
                "CollisionGroup": 64,
                "CollisionMask": -1,
                "Mass": 0.6000000238418579
            },
            "Rotation": [
                0.0,
                0.0,
                0.0
            ],
            "Scale": [
                0.30000001192092896,
                0.30000001192092896,
                0.30000001192092896
            ],
            "Type": "TreeBlock"
        },
        {
            "Layer": 2,
            "Name": "TreeBlock_002",
            "Position": [
                -0.035523757338523865,
                -9.223001740110703e-08,
                1.1796844005584717
            ],
            "RigidBody": {
                "ColliderOffset": [
                    0.0,
                    0.0,
                    0.0
                ],
                "ColliderType": "Box",
                "CollisionGroup": 64,
                "CollisionMask": -1,
                "Mass": 2.5
            },
            "Rotation": [
                0.0,
                0.0,
                0.0
            ],
            "Scale": [
                1.0,
                1.0,
                1.0
            ],
            "Type": "TreeBlock"
        },
        {
            "Layer": 4,
            "Name": "",
            "Position": [
                50.0,
                50.0,
                0.0
            ],
            "Rotation": [
                0.0,
                0.0,
                0.0
            ],
            "Scale": [
                1.0,
                1.0,
                1.0
            ],
            "Type": "Score"
        }
    ]
}