{
    "Objects": [
        {
            "Layer": 0,
            "Name": "FPSCamera",
            "Position": [
                -14.290956497192383,
                1.299999713897705,
                14.397045135498047
            ],
            "Rotation": [
                0.11100033670663834,
                2.4509940147399902,
                0.0
            ],
            "Scale": [
                1.0,
                1.0,
                1.0
            ],
            "Type": "FPSCamera"
        },
        {
            "Layer": 2,
            "Name": "FPSPlayer",
            "Position": [
                -14.290956497192383,
                -0.5000001788139343,
                14.397045135498047
            ],
            "RigidBody": {
                "ColliderOffset": [
                    0.0,
                    1.0,
                    0.0
                ],
                "ColliderType": "Capsule",
                "CollisionGroup": 128,
                "CollisionMask": -1,
                "Mass": 70.0,
                "OriginalColliderHalfSize": [
                    1.0,
                    1.0,
                    1.0
                ]
            },
            "Rotation": [
                -0.0,
                0.0,
                0.0
            ],
            "Scale": [
                1.0,
                1.0,
                1.0
            ],
            "Type": "FPSPlayer"
        },
        {
            "Layer": 2,
            "Name": "SkyBox",
            "Position": [
                -14.290956497192383,
                1.299999713897705,
                14.397045135498047
            ],
            "Rotation": [
                0.0,
                0.0,
                0.0
            ],
            "Scale": [
                100.0,
                100.0,
                100.0
            ],
            "Type": "SkyBox"
        },
        {
            "Layer": 2,
            "Name": "GroundBlock_001",
            "Position": [
                -1.7307746702499571e-06,
                -3.0,
                -3.9497983379988e-05
            ],
            "RigidBody": {
                "ColliderOffset": [
                    0.0,
                    0.0,
                    0.0
                ],
                "ColliderType": "Box",
                "CollisionGroup": 128,
                "CollisionMask": -1,
                "Mass": 0.0,
                "OriginalColliderHalfSize": [
                    1.0,
                    1.0,
                    1.0
                ]
            },
            "Rotation": [
                -4.1507128218553956e-23,
                1.8834251327377962e-23,
                9.152465788215726e-25
            ],
            "Scale": [
                30.0,
                1.0,
                30.0
            ],
            "Type": "GroundBlock"
        },
        {
            "Layer": 2,
            "Name": "TreeBlock_001",
            "Position": [
                -13.765807151794434,
                3.965463161468506,
                -0.011581998318433762
            ],
            "RigidBody": {
                "ColliderOffset": [
                    0.0,
                    0.7648029923439026,
                    0.0
                ],
                "ColliderType": "Box",
                "CollisionGroup": 128,
                "CollisionMask": -1,
                "Mass": 1.0,
                "OriginalColliderHalfSize": [
                    0.19313645362854004,
                    0.7648029923439026,
                    0.19597500562667847
                ]
            },
            "Rotation": [
                -0.00013745951582677662,
                -3.607642156566726e-06,
                -2.988517508129007e-06
            ],
            "Scale": [
                7.800000190734863,
                7.800000190734863,
                7.800000190734863
            ],
            "Type": "TreeBlock"
        },
        {
            "Layer": 2,
            "Name": "TreeBlock_002",
            "Position": [
                -8.645523071289063,
                5.036186218261719,
                0.03967500105500221
            ],
            "RigidBody": {
                "ColliderOffset": [
                    0.0,
                    0.7648029923439026,
                    0.0
                ],
                "ColliderType": "Box",
                "CollisionGroup": 128,
                "CollisionMask": -1,
                "Mass": 8.0,
                "OriginalColliderHalfSize": [
                    0.19313645362854004,
                    0.7648029923439026,
                    0.19597500562667847
                ]
            },
            "Rotation": [
                -0.00011706454097293317,
                -3.14522708322329e-06,
                -2.5710148747748462e-06
            ],
            "Scale": [
                9.199999809265137,
                9.199999809265137,
                9.199999809265137
            ],
            "Type": "TreeBlock"
        },
        {
            "Layer": 2,
            "Name": "RockTallBlock_A_001",
            "Position": [
                0.0,
                -1.7000000476837158,
                0.0
            ],
            "RigidBody": {
                "ColliderOffset": [
                    0.0,
                    0.0,
                    0.0
                ],
                "ColliderType": "Unknown",
                "CollisionGroup": 8,
                "CollisionMask": 155,
                "Mass": 0.0,
                "OriginalColliderHalfSize": [
                    1.0,
                    1.0,
                    1.0
                ]
            },
            "Rotation": [
                -0.0,
                0.0,
                0.0
            ],
            "Scale": [
                10.300000190734863,
                10.300000190734863,
                10.300000190734863
            ],
            "Type": "RockTallBlock_A"
        },
        {
            "Layer": 2,
            "Name": "GroundBlock_002",
            "Position": [
                -6.489638805389404,
                -1.0000001192092896,
                6.811564922332764
            ],
            "RigidBody": {
                "ColliderOffset": [
                    0.0,
                    0.0,
                    0.0
                ],
                "ColliderType": "Box",
                "CollisionGroup": 128,
                "CollisionMask": -1,
                "Mass": 1.5,
                "OriginalColliderHalfSize": [
                    1.0,
                    1.0,
                    1.0
                ]
            },
            "Rotation": [
                -4.387261924421182e-06,
                1.9780878801611834e-07,
                -5.488573151524179e-08
            ],
            "Scale": [
                1.0,
                1.0,
                1.0
            ],
            "Type": "GroundBlock"
        },
        {
            "Layer": 2,
            "Name": "Anchor",
            "Position": [
                167.4996795654297,
                -189.3472442626953,
                -205.59600830078125
            ],
            "Rotation": [
                -0.0,
                0.0,
                0.0
            ],
            "Scale": [
                1.0,
                1.0,
                1.0
            ],
            "Type": "GameObject"
        },
        {
            "Layer": 4,
            "Name": "",
            "Position": [
                50.0,
                50.0,
                0.0
            ],
            "Rotation": [
                0.0,
                0.0,
                0.0
            ],
            "Scale": [
                1.0,
                1.0,
                1.0
            ],
            "Type": "Score"
        },
        {
            "Layer": 4,
            "Name": "playerIcon",
            "Position": [
                180.0,
                100.0,
                0.0
            ],