{
    "Objects": [
        {
            "Layer": 0,
            "Name": "FPSCamera",
            "Position": [
                -4.589823246002197,
                1.8000179529190063,
                -11.958051681518555
            ],
            "Rotation": [
                0.10499995201826096,
                0.44100096821784973,
                0.0
            ],
            "Scale": [
                1.0,
                1.0,
                1.0
            ],
            "Type": "FPSCamera"
        },
        {
            "Layer": 2,
            "Name": "FPSPlayer",
            "Position": [
                -4.533056735992432,
                -6.78664946462959e-08,
                -12.627366065979004
            ],
            "RigidBody": {
                "ColliderOffset": [
                    0.0,
                    1.0,
                    0.0
                ],
                "ColliderType": "Capsule",
                "CollisionGroup": 128,
                "CollisionMask": -1,
                "Mass": 70.0,
                "OriginalColliderHalfSize": [
                    1.0,
                    1.0,
                    1.0
                ]
            },
            "Rotation": [
                -0.0,
                0.0,
                0.0
            ],
            "Scale": [
                1.0,
                1.0,
                1.0
            ],
            "Type": "FPSPlayer"
        },
        {
            "Layer": 2,
            "Name": "SkyBox",
            "Position": [
                -4.589823246002197,
                1.8000179529190063,
                -11.958051681518555
            ],
            "Rotation": [
                0.0,
                0.0,
                0.0
            ],
            "Scale": [
                100.0,
                100.0,
                100.0
            ],
            "Type": "SkyBox"
        },
        {
            "Layer": 2,
            "Name": "GroundBlock",
            "Position": [
                0.0,
                -2.0,
                0.0
            ],
            "RigidBody": {
                "ColliderOffset": [
                    0.0,
                    0.0,
                    0.0
                ],
                "ColliderType": "Box",
                "CollisionGroup": 8,
                "CollisionMask": 147,
                "Mass": 0.0,
                "OriginalColliderHalfSize": [
                    30.0,
                    1.0,
                    30.0
                ]
            },
            "Rotation": [
                -0.0,
                0.0,
                0.0
            ],
            "Scale": [
                30.0,
                1.0,
                30.0
            ],
            "Type": "GroundBlock"
        },
        {
            "Layer": 2,
            "Name": "TreeBlock_001",
            "Position": [
                0.0,
                -0.20000000298023224,
                0.0
            ],
            "RigidBody": {
                "ColliderOffset": [
                    0.0,
                    0.0,
                    0.0
                ],
                "ColliderType": "Unknown",
                "CollisionGroup": 8,
                "CollisionMask": 147,
                "Mass": 0.0,
                "OriginalColliderHalfSize": [
                    1.0,
                    1.0,
                    1.0
                ]
            },
            "Rotation": [
                -0.0,
                0.0,
                0.0
            ],
            "Scale": [
                6.599999904632568,
                6.599999904632568,
                6.599999904632568
            ],
            "Type": "TreeBlock"
        },
        {
            "Layer": 2,
            "Name": "Anchor",
            "Position": [
                127.02197265625,
                -216.4604034423828,
                266.0882263183594
            ],
            "RigidBody": {
                "ColliderOffset": [
                    0.0,
                    0.0,
                    0.0
                ],
                "ColliderType": "Box",
                "CollisionGroup": 32,
                "CollisionMask": 140,
                "Mass": 1.0,
                "OriginalColliderHalfSize": [
                    1.0,
                    1.0,
                    1.0
                ]
            },
            "Rotation": [
                -0.0,
                0.0,
                0.0
            ],
            "Scale": [
                1.0,
                1.0,
                1.0
            ],
            "Type": "Anchor"
        },
        {
            "Layer": 4,
            "Name": "",
            "Position": [
                50.0,
                50.0,
                0.0
            ],
            "Rotation": [
                0.0,
                0.0,
                0.0
            ],
            "Scale": [
                1.0,
                1.0,
                1.0
            ],
            "Type": "Score"
        }
    ]
}