{
    "Objects": [
        {
            "Layer": 0,
            "Name": "FPSCamera",
            "Position": [
                -14.290956497192383,
                1.299999713897705,
                14.397045135498047
            ],
            "Rotation": [
                0.11100033670663834,
                2.4509940147399902,
                0.0
            ],
            "Scale": [
                1.0,
                1.0,
                1.0
            ],
            "Type": "FPSCamera"
        },
        {
            "Layer": 2,
            "Name": "FPSPlayer",
            "Position": [
                -14.290956497192383,
                -0.5000001788139343,
                14.397045135498047
            ],
            "RigidBody": {
                "ColliderOffset": [
                    0.0,
                    1.0,
                    0.0
                ],
                "ColliderType": "Capsule",
                "CollisionGroup": 128,
                "CollisionMask": -1,
                "Mass": 70.0,
                "OriginalColliderHalfSize": [
                    1.0,
                    1.0,
                    1.0
                ]
            },
            "Rotation": [
                -0.0,
                0.0,
                0.0
            ],
            "Scale": [
                1.0,
                1.0,
                1.0
            ],
            "Type": "FPSPlayer"
        },
        {
            "Layer": 2,
            "Name": "SkyBox",
            "Position": [
                -14.290956497192383,
                1.299999713897705,
                14.397045135498047
            ],
            "Rotation": [
                0.0,
                0.0,
                0.0
            ],
            "Scale": [
                100.0,
                100.0,
                100.0
            ],
            "Type": "SkyBox"
        },
        {
            "Layer": 2,
            "Name": "GroundBlock_001",
            "Position": [
                -1.7307746702499571e-06,
                -3.0,
                -3.9497983379988e-05
            ],
            "RigidBody": {
                "ColliderOffset": [
                    0.0,
                    0.0,
                    0.0
                ],
                "ColliderType": "Box",
                "CollisionGroup": 128,
                "CollisionMask": -1,
                "Mass": 0.0,
                "OriginalColliderHalfSize": [
                    1.0,
                    1.0,
                    1.0
                ]
            },
            "Rotation": [
                -7.244360649020025e-25,
                3.2871969506027647e-25,
                1.5974066633664078e-26
            ],
            "Scale": [
                30.0,
                1.0,
                30.0
            ],
            "Type": "GroundBlock"
        },
        {
            "Layer": 2,
            "Name": "TreeBlock_001",
            "Position": [
                -13.76406478881836,
                3.9654624462127686,
                -0.010670221410691738
            ],
            "RigidBody": {
                "ColliderOffset": [
                    0.0,
                    0.7648029923439026,
                    0.0
                ],
                "ColliderType": "Box",
                "CollisionGroup": 128,
                "CollisionMask": -1,
                "Mass": 1.0,
                "OriginalColliderHalfSize": [
                    0.19313645362854004,
                    0.7648029923439026,
                    0.19597500562667847
                ]
            },
            "Rotation": [
                -0.0001275994291063398,
                -3.944321179005783e-06,
                -2.7051639790443005e-06
            ],
            "Scale": [
                7.800000190734863,
                7.800000190734863,
                7.800000190734863
            ],
            "Type": "TreeBlock"
        },
        {
            "Layer": 2,
            "Name": "TreeBlock_002",
            "Position": [
                -8.643720626831055,
                5.036186218261719,
                0.040583353489637375
            ],
            "RigidBody": {
                "ColliderOffset": [
                    0.0,
                    0.7648029923439026,
                    0.0
                ],
                "ColliderType": "Box",
                "CollisionGroup": 128,
                "CollisionMask": -1,
                "Mass": 8.0,
                "OriginalColliderHalfSize": [
                    0.19313645362854004,
                    0.7648029923439026,
                    0.19597500562667847
                ]
            },
            "Rotation": [
                -0.00011802930384874344,
                -3.144948550470872e-06,
                -2.571591267042095e-06
            ],
            "Scale": [
                9.199999809265137,
                9.199999809265137,
                9.199999809265137
            ],
            "Type": "TreeBlock"
        },
        {
            "Layer": 2,
            "Name": "RockTallBlock_A_001",
            "Position": [
                0.0,
                -1.7000000476837158,
                0.0
            ],
            "RigidBody": {
                "ColliderOffset": [
                    0.0,
                    0.0,
                    0.0
                ],
                "ColliderType": "Unknown",
                "CollisionGroup": 8,
                "CollisionMask": 155,
                "Mass": 0.0,
                "OriginalColliderHalfSize": [
                    1.0,
                    1.0,
                    1.0
                ]
            },
            "Rotation": [
                -0.0,
                0.0,
                0.0
            ],
            "Scale": [
                10.300000190734863,
                10.300000190734863,
                10.300000190734863
            ],
            "Type": "RockTallBlock_A"
        },
        {
            "Layer": 2,
            "Name": "GroundBlock_002",
            "Position": [
                -6.4896392822265625,
                -1.0000001192092896,
                6.811564922332764
            ],
            "RigidBody": {
                "ColliderOffset": [
                    0.0,
                    0.0,
                    0.0
                ],
                "ColliderType": "Box",
                "CollisionGroup": 128,
                "CollisionMask": -1,
                "Mass": 1.5,
                "OriginalColliderHalfSize": [
                    1.0,
                    1.0,
                    1.0
                ]
            },
            "Rotation": [
                -7.101751293703273e-07,
                2.1430750507533958e-07,
                -4.199014469463691e-08
            ],
            "Scale": [
                1.0,
                1.0,
                1.0
            ],
            "Type": "GroundBlock"
        },
        {
            "Layer": 2,
            "Name": "Anchor",
            "Position": [
                167.4996795654297,
                -189.3472442626953,
                -205.59600830078125
            ],
            "Rotation": [
                -0.0,
                0.0,
                0.0
            ],
            "Scale": [
                1.0,
                1.0,
                1.0
            ],
            "Type": "GameObject"
        },
        {
            "Layer": 4,
            "Name": "",
            "Position": [
                1050.0,
                50.0,
                0.0
            ],
            "Rotation": [
                0.0,
                0.0,
                0.0
            ],
            "Scale": [
                1.0,
                1.0,
                1.0
            ],
            "Type": "Score"
        },
        {
            "Layer": 4,
            "Name": "playerIcon",