{
    "Objects": [
        {
            "Layer": 0,
            "Name": "FPSCamera",
            "Position": [
                -4.820049285888672,
                3.799999237060547,
                28.813291549682617
            ],
            "Rotation": [
                -0.10800010710954666,
                3.347999095916748,
                0.0
            ],
            "Scale": [
                1.0,
                1.0,
                1.0
            ],
            "Type": "FPSCamera"
        },
        {
            "Layer": 2,
            "Name": "FPSPlayer",
            "Position": [
                -4.717723846435547,
                2.000000476837158,
                29.300682067871094
            ],
            "RigidBody": {
                "ColliderOffset": [
                    0.0,
                    1.0,
                    0.0
                ],
                "ColliderType": "Box",
                "CollisionGroup": 128,
                "CollisionMask": -1,
                "Mass": 1.0,
                "OriginalColliderHalfSize": [
                    1.0,
                    2.0,
                    1.0
                ]
            },
            "Rotation": [
                0.0,
                3.347999095916748,
                0.0
            ],
            "Scale": [
                1.0,
                1.0,
                1.0
            ],
            "Type": "FPSPlayer"
        },
        {
            "Layer": 2,
            "Name": "GroundBlock_001",
            "Position": [
                0.0,
                -1.0,
                0.0
            ],
            "RigidBody": {
                "ColliderOffset": [
                    0.0,
                    0.0,
                    0.0
                ],
                "ColliderType": "Box",
                "CollisionGroup": 128,
                "CollisionMask": -1,
                "Mass": 0.0,
                "OriginalColliderHalfSize": [
                    1.0,
                    1.0,
                    1.0
                ]
            },
            "Rotation": [
                0.0,
                0.0,
                0.0
            ],
            "Scale": [
                30.0,
                1.0,
                30.0
            ],
            "Type": "GroundBlock"
        },
        {
            "Layer": 2,
            "Name": "TreeBlock_001",
            "Position": [
                -23.120386123657227,
                0.9999986290931702,
                0.280727744102478
            ],
            "RigidBody": {
                "ColliderOffset": [
                    0.0,
                    7.0,
                    0.0
                ],
                "ColliderType": "Box",
                "CollisionGroup": 128,
                "CollisionMask": -1,
                "Mass": 1.2000000476837158,
                "OriginalColliderHalfSize": [
                    1.0,
                    7.0,
                    1.0
                ]
            },
            "Rotation": [
                0.0,
                0.0,
                0.0
            ],
            "Scale": [
                1.0,
                1.0,
                1.0
            ],
            "Type": "TreeBlock"
        },
        {
            "Layer": 2,
            "Name": "TreeBlock_002",
            "Position": [
                3.8933022022247314,
                0.9999988675117493,
                0.11894107609987259
            ],
            "RigidBody": {
                "ColliderOffset": [
                    0.0,
                    7.0,
                    0.0
                ],
                "ColliderType": "Box",
                "CollisionGroup": 8,
                "CollisionMask": 147,
                "Mass": 5.599999904632568,
                "OriginalColliderHalfSize": [
                    1.0,
                    7.0,
                    1.0
                ]
            },
            "Rotation": [
                0.0,
                22.0,
                0.0
            ],
            "Scale": [
                1.0,
                1.0,
                1.0
            ],
            "Type": "TreeBlock"
        },
        {
            "Layer": 2,
            "Name": "Anchor",
            "Position": [
                -66.69241333007813,
                -142.30853271484375,
                -266.6786804199219
            ],
            "RigidBody": {
                "ColliderOffset": [
                    0.0,
                    0.0,
                    0.0
                ],
                "ColliderType": "Box",
                "CollisionGroup": 32,
                "CollisionMask": 140,
                "Mass": 1.0,
                "OriginalColliderHalfSize": [
                    1.0,
                    1.0,
                    1.0
                ]
            },
            "Rotation": [
                0.0,
                0.0,
                0.0
            ],
            "Scale": [
                1.0,
                1.0,
                1.0
            ],
            "Type": "Anchor"
        },
        {
            "Layer": 4,
            "Name": "",
            "Position": [
                50.0,
                50.0,
                0.0
            ],
            "Rotation": [
                0.0,
                0.0,
                0.0
            ],
            "Scale": [
                1.0,
                1.0,
                1.0
            ],
            "Type": "Score"
        }
    ]
}