{
    "Objects": [
        {
            "Layer": 0,
            "Name": "FPSCamera",
            "Position": [
                -10.701985359191895,
                1.7999999523162842,
                7.55899715423584
            ],
            "Rotation": [
                -0.006000160239636898,
                2.444997787475586,
                0.0
            ],
            "Scale": [
                1.0,
                1.0,
                1.0
            ],
            "Type": "FPSCamera"
        },
        {
            "Layer": 2,
            "Name": "FPSPlayer",
            "Position": [
                -11.279437065124512,
                0.0,
                8.249324798583984
            ],
            "Rotation": [
                0.0,
                2.444997787475586,
                0.0
            ],
            "Scale": [
                0.014999999664723873,
                0.014999999664723873,
                0.014999999664723873
            ],
            "Type": "FPSPlayer"
        },
        {
            "Layer": 2,
            "Name": "GroundBlock_001",
            "Position": [
                0.0,
                -3.0,
                0.0
            ],
            "RigidBody": {
                "ColliderOffset": [
                    0.0,
                    0.0,
                    0.0
                ],
                "ColliderType": "Box",
                "CollisionGroup": 64,
                "CollisionMask": -1,
                "Mass": 0.0,
                "OriginalColliderHalfSize": [
                    1.0,
                    1.0,
                    1.0
                ]
            },
            "Rotation": [
                0.0,
                0.0,
                0.0
            ],
            "Scale": [
                30.0,
                1.0,
                30.0
            ],
            "Type": "GroundBlock"
        },
        {
            "Layer": 2,
            "Name": "TreeBlock_001",
            "Position": [
                0.0035428644623607397,
                5.001765251159668,
                0.38009798526763916
            ],
            "RigidBody": {
                "ColliderOffset": [
                    0.0,
                    7.0,
                    0.0
                ],
                "ColliderType": "Box",
                "CollisionGroup": 64,
                "CollisionMask": -1,
                "Mass": 5.800000190734863,
                "OriginalColliderHalfSize": [
                    1.0,
                    7.0,
                    1.0
                ]
            },
            "Rotation": [
                0.0,
                0.0,
                0.0
            ],
            "Scale": [
                1.0,
                1.0,
                1.0
            ],
            "Type": "TreeBlock"
        },
        {
            "Layer": 2,
            "Name": "TreeBlock_002",
            "Position": [
                -6.688746452331543,
                5.000000953674316,
                -1.8616269826889038
            ],
            "RigidBody": {
                "ColliderOffset": [
                    0.0,
                    7.0,
                    0.0
                ],
                "ColliderType": "Box",
                "CollisionGroup": 64,
                "CollisionMask": -1,
                "Mass": 5.5,
                "OriginalColliderHalfSize": [
                    1.0,
                    7.0,
                    1.0
                ]
            },
            "Rotation": [
                0.0,
                0.0,
                0.0
            ],
            "Scale": [
                1.0,
                1.0,
                1.0
            ],
            "Type": "TreeBlock"
        },
        {
            "Layer": 4,
            "Name": "",
            "Position": [
                50.0,
                50.0,
                0.0
            ],
            "Rotation": [
                0.0,
                0.0,
                0.0
            ],
            "Scale": [
                1.0,
                1.0,
                1.0
            ],
            "Type": "Score"
        }
    ]
}